Sophia Anderson, sophiaanderson@gmail.com,9807654350,Transformers One,A,5
Mason Allen, masonallen@gmail.com,9807654370,Inception,A,7
Benjamin Davis, benjamindavis@gmail.com,9807654360,Oppenheimer,A,4
Ethan Ramirez, ethanramirez@gmail.com,9807654340,Dune 2,A,7
Ella Scott, ellascott@gmail.com,9807654372,Inception,C,14
Emma Garcia, emmagarcia@gmail.com,9807654352,Transformers One,C,3
Avery Wilson, averywilson@gmail.com,9807654361,Oppenheimer,B,1
Lily Martinez, lilymartinez@gmail.com,9807654341,Dune 2,B,2
Harper Young, harperyoung@gmail.com,9807654371,Inception,B,2
William White, williamwhite@gmail.com,9807654351,Transformers One,B,9
Olivia Johnson, oliviajohnson@gmail.com,9807654354,Transformers One,E,2
Zoe Adams, zoeadams@gmail.com,9807654374,Inception,E,4
Jonathan Harris, jonathanharris@gmail.com,9807654344,Dune 2,E,4
Natalie Clark, natalieclark@gmail.com,9807654364,Oppenheimer,E,8
Stella Wright, stellawright@gmail.com,9807654384,Tenet,E,2
Sophia King, sophiaking@gmail.com,9807654333,Dune 2,D,9
Evelyn Brown, evelynbrown@gmail.com,9807654362,Oppenheimer,C,9
Ryan Thompson, ryanthompson@gmail.com,9807654342,Dune 2,C,14
Eva Adams, evaadams@gmail.com,9807654386,Tenet,G,6
Olivia Allen, oliviaallen@gmail.com,9807654331,Dune 2,B,2
Lucy Baker, lucybaker@gmail.com,9807654382,Tenet,C,3
Jackson Taylor, jacksontaylor@gmail.com,9807654363,Oppenheimer,D,3
Noah Martinez, noahmartinez@gmail.com,9807654353,Transformers One,D,7
Nolan Harris, nolanharris@gmail.com,9807654373,Inception,D,9
Sarah Johnson, sarahjohnson@gmail.com,9807654325,Dune 2,F,3
Connor Lee, connorlee@gmail.com,9807654375,Inception,F,13
Grace Martinez, gracemartinez@gmail.com,9807654366,Oppenheimer,G,6
Christopher Brown, christopherbrown@gmail.com,9807654383,Tenet,D,7
Jacob Robinson, jacobrobinson@gmail.com,9807654346,Dune 2,G,10
Julia King, juliaking@gmail.com,9807654376,Inception,G,10
Emily Brown, emilybrown@gmail.com,9807654356,Transformers One,G,6
Daniel Jones, danieljones@gmail.com,9807654357,Transformers One,H,8
Amanda Martinez, amandamartinez@gmail.com,9807654327,Dune 2,H,1
Grace Hill, gracehill@gmail.com,9807654335,Dune 2,F,13
Brooklyn Garcia, brooklyngarcia@gmail.com,9807654377,Inception,H,5
Logan Rodriguez, loganrodriguez@gmail.com,9807654367,Oppenheimer,H,7
Aiden Perez, aidenperez@gmail.com,9807654348,Dune 2,I,8
Levi Rodriguez, levirodriguez@gmail.com,9807654378,Inception,I,8
Alexander Adams, alexanderadams@gmail.com,9807654338,Dune 2,I,8
Avery Parker, averyparker@gmail.com,9807654388,Tenet,I,4
Laura Lewis, lauralewis@gmail.com,9807654329,Dune 2,J,11
James Garcia, jamesgarcia@gmail.com,9807654359,Transformers One,J,1
Hannah Baker, hannahbaker@gmail.com,9807654339,Dune 2,J,3
Lucas Hernandez, lucashernandez@gmail.com,9807654369,Oppenheimer,J,10
Madison Taylor, madisontaylor@gmail.com,9807654379,Inception,J,3
Isaac Turner, isaacturner@gmail.com,9807654389,Tenet,J,1
Emily Davis, emilydavis@gmail.com,9807654323,Dune 2,D,8
Chris Lee, chrislee@gmail.com,9807654326,Dune 2,G,15
Michael Brown, michaelbrown@gmail.com,9807654322,Dune 2,C,5
Daniel Wright, danielwright@gmail.com,9807654334,Dune 2,E,4
Andrew Young, andrewyoung@gmail.com,9807654332,Dune 2,C,14
Matthew Clark, matthewclark@gmail.com,9807654328,Dune 2,I,6
Gabriel Walker, gabrielwalker@gmail.com,9807654387,Tenet,H,8
Ava Taylor, avatar@gmail.com,9807654358,Transformers One,I,4
William Wright, williamwright@gmail.com,9807654368,Oppenheimer,I,5
Elijah Moore, elijahmoore@gmail.com,9807654365,Oppenheimer,F,2
Joshua Scott, joshuascott@gmail.com,Dune 2,G,10
Megan Green, megangreen@gmail.com,Dune 2,H,5
Ava Taylor, avatar@gmail.com,Dune 2,I,4
Isabella Walker, isabellawalker@gmail.com,Dune 2,H,5
Samantha Lewis, samanthalewis@gmail.com,Dune 2,F,13
Hannah Baker, hannahbaker@gmail.com,Transformers One,A,5
Jonathan Harris, jonathanharris@gmail.com,Oppenheimer,B,1
Abigail Anderson, abigailanderson@gmail.com,Dune 2,D,9
Ethan Ramirez, ethanramirez@gmail.com,Inception,A,7
Olivia Allen, oliviaallen@gmail.com,Inception,B,2
Sophia King, sophiaking@gmail.com,Oppenheimer,C,9
Andrew Young, andrewyoung@gmail.com,Dune 2,C,14
Zoe Adams, zoeadams@gmail.com,Transformers One,E,2
Hannah Baker, hannahbaker@gmail.com,Oppenheimer,J,10
Sophia King, sophiaking@gmail.com,Dune 2,D,9
James Garcia, jamesgarcia@gmail.com,Transformers One,J,1
Stella Wright, stellawright@gmail.com,Oppenheimer
